Model,round_num,Accuracy,Recall,Precision,F1,F1_macro,F1_weighted,n_class,len_of_testset,num_0_class_in_test,num_1_class_in_test
VVG19,0,0.9017412935323383,0.7392857142857143,0.971830985915493,0.8397565922920892,0.8844522871774347,0.8980166522918928,2,804,524,280
VVG19,1,0.9365671641791045,0.8857142857142857,0.9288389513108615,0.906764168190128,0.929348153840587,0.9362020002320198,2,804,524,280
VVG19,2,0.9328358208955224,0.975,0.853125,0.91,0.9282142857142857,0.9337420042643922,2,804,524,280
VVG19,3,0.9639303482587065,0.9392857142857143,0.9563636363636364,0.9477477477477478,0.9601036934370268,0.9638535078004397,2,804,524,280
VVG19,4,0.9601990049751243,0.9392857142857143,0.9460431654676259,0.9426523297491038,0.9560880696364567,0.9601655827365986,2,804,524,280
VVG19,5,0.9651741293532339,0.9214285714285714,0.9772727272727273,0.9485294117647058,0.9611068111455109,0.9649238328481432,2,804,524,280
